Cell,Cycle,IR_mean,IR_variance,IR_max,QC_mean,QC_variance,QC_max,QD_mean,QD_variance,QD_max,chargetime_mean,chargetime_variance,chargetime_max,Tmin_mean,Tmin_variance,Tmin_max,Tmax_mean,Tmax_variance,Tmax_max,Tavg_mean,Tavg_variance,Tavg_max,I_t_avg,Qc_t_avg,Qd_t_avg,Qdlin_t_avg,T_t_avg,Tdlin_t_avg,V_t_avg,dQdV_t_avg
b1c0,1851,0.016642759,6.20E-08,0.018950272,1.081088663,0.002437411,1.5467919,1.081256633,0.002355183,1.5390544,13.3843244,0.00181893,13.46115833,29.31954845,0.035107461,30.073803,35.35307925,0.021946212,35.994705,31.576035,0.039544774,32.28574128,-0.112186372,0.843721463,0.282688387,0.747283849,31.58458281,33.18947147,3.121796962,-0.741583714
b1c1,2159,0.016736437,3.15E-06,0.017008573,1.08138536,1.75E-06,1.0928036,1.08153402,3.42E-07,1.0845895,13.37203786,0.001667257,13.42640667,29.52704742,0.041643493,30.28406,34.13187856,0.03861361,34.712265,31.29582817,0.02572497,31.98117698,-0.12570243,0.841015903,0.280563101,0.74953642,31.32898631,32.48813926,3.118624266,-0.744433657
b1c2,2236,0.016588203,3.09E-06,0.016878299,1.085398334,2.08E-06,1.0978745,1.085623934,2.12E-07,1.0880535,13.37940484,0.00178373,13.42630667,29.60194873,0.047709051,30.321005,34.51621849,0.043313805,35.127342,31.44211653,0.027334057,32.12018402,-0.129884688,0.844193933,0.281262889,0.754077159,31.47821602,32.77696637,3.119815459,-0.744117755
b1c3,1433,0.016132686,2.93E-06,0.016408285,1.084764234,6.10E-07,1.0858829,1.085162438,5.70E-07,1.086253,12.05352555,0.001789132,12.09300167,29.35390849,0.065474339,30.475714,30.6343846,0.066720822,31.691414,29.90832957,0.047334855,30.92172582,-0.101427674,0.850139897,0.286277314,0.954214306,29.94090626,30.17971356,3.117844769,-0.741641134
b1c4,1708,0.01648274,3.06E-06,0.016741628,1.082914244,6.26E-07,1.0842149,1.083062524,5.93E-07,1.0843166,12.05357925,0.001788155,12.092935,29.46489059,0.099549952,30.841711,34.36929808,0.097213642,35.651741,31.42818206,0.079320821,32.74071235,-0.093584456,0.848351504,0.285031893,0.946799399,31.44863767,32.53639119,3.11628055,-0.740226849
b1c5,1073,0.016265897,9.09E-09,0.016835118,1.080328224,5.61E-07,1.081865,1.080494974,6.74E-07,1.0820704,15.43765108,1828.055194,418.81941,29.23031229,0.170546131,31.058582,33.02052492,0.149589156,34.654667,30.91369989,0.147647292,32.68150425,-0.067290362,0.853478037,0.288393597,0.741045496,30.92106763,31.55057702,3.113739968,-0.737543885
b1c6,635,0.01647575,3.05E-06,0.016703192,1.080589988,1.17E-06,1.0844336,1.081075214,8.63E-07,1.082139,10.04340533,0.001752978,10.09305,29.72024864,0.021393764,30.358706,35.77836934,0.057530387,36.496124,32.24983543,0.021544069,32.95084463,-0.037744232,0.860782197,0.291958573,0.74361301,32.27400965,33.49250912,3.116840747,-0.737283052
b1c7,869,0.016035308,2.89E-06,0.01628454,1.096728269,1.21E-06,1.1028069,1.09697913,5.60E-07,1.0979686,10.04442993,0.001758806,10.09454333,29.56073869,0.019716605,30.249355,35.3187502,0.04686773,36.053928,31.97325628,0.020877395,32.67728035,-0.031311717,0.868319887,0.293466665,0.7595222,31.98983859,33.12091695,3.118380097,-0.749137221
b1c9,1053,0.016829175,4.23E-09,0.016948935,1.087670148,1.67E-07,1.0887136,1.087948235,1.58E-07,1.0889499,11.24382086,0.001720855,11.29656167,30.26745524,0.04665178,31.194479,35.99536445,0.055874644,36.799232,32.64506492,0.030747857,33.48871183,0.018222154,0.860043094,0.287562615,0.75491292,32.64195447,33.86620678,3.122973104,-0.740054769
b1c11,787,0.01599869,2.88E-06,0.01628324,1.059820393,6.33E-07,1.0607792,1.060405686,7.80E-07,1.063239,11.68509159,0.001677262,11.73601333,30.12485341,0.047979732,31.120598,36.22549696,0.056507692,37.128967,32.73733535,0.044079967,33.72736964,-0.003869894,0.847851449,0.281463939,0.733534475,32.75886473,33.87157046,3.12285563,-0.72757792
b1c14,879,0.016969577,2.86E-08,0.018374495,1.075600552,6.63E-07,1.0771068,1.07634108,7.70E-07,1.0778438,15.29182874,1838.183687,419.78954,30.06437466,0.079837655,31.358892,36.63633821,0.091138514,37.818813,33.06387883,0.081284058,34.34429741,0.013189941,0.857947562,0.286028761,0.741438662,33.07657382,34.20525516,3.118642017,-0.734246624
b1c15,718,0.016825542,2.98E-08,0.018155931,1.06725771,7.66E-07,1.0686306,1.06793832,8.89E-07,1.0693387,15.29100639,1838.952981,419.873355,29.94849309,0.121117885,31.53245,37.07733965,0.136281534,38.47617,33.14516569,0.115945579,34.67798627,0.008296753,0.855166552,0.285910006,0.738196722,33.14739585,34.30220197,3.120334487,-0.73007951
b1c16,861,0.016511939,3.07E-06,0.016816031,1.086062981,9.42E-07,1.0879163,1.08669142,7.75E-07,1.0885919,10.1252781,0.001579831,10.18095667,29.84068752,0.159320931,31.665558,35.87168252,0.188085122,37.566532,32.42021838,0.153859797,34.17480237,0.022382141,0.864718337,0.288735189,0.747658794,32.41626283,33.50642644,3.120109738,-0.743026876
b1c17,856,0.016675304,1.20E-08,0.016800802,1.077098777,3.14E-07,1.0790228,1.077348125,3.64E-07,1.0792258,10.13898405,0.001747661,10.18090333,29.52087634,0.221688291,31.60013,35.46543688,0.188046393,37.208405,32.10059557,0.185770321,34.0608574,0.01143931,0.860431516,0.289327481,0.740702392,32.08854758,33.19074513,3.116488457,-0.735015324
b1c18,690,0.017839359,3.97E-06,0.019886132,1.253373358,0.107887484,2.9658952,1.088064807,0.036242227,2.8840845,9.925854817,0.001692181,9.974201667,29.93801543,0.03121136,30.754562,35.43866604,0.047763574,36.084282,31.87557409,0.415979369,33.08456545,0.010520629,0.706403994,0.356318021,0.726854453,31.062436,33.2324795,2.5067458,-0.726148207
b1c19,787,0.016323282,1.87E-09,0.01640762,1.088363277,3.97E-07,1.089165,1.088461991,4.39E-07,1.0893054,9.930555989,0.001550959,9.958483333,30.13528502,0.028754096,30.935583,36.86821382,0.069080586,37.49086,33.05124443,0.023124031,33.74443401,0.024076849,0.86900684,0.29098169,0.74659294,33.04453397,34.17796005,3.119260143,-0.737043439
b1c20,533,0.015014934,2.54E-06,0.015390384,1.068761055,1.63E-05,1.0749991,1.06941182,1.67E-05,1.0757242,9.027973278,0.00168108,9.102013333,29.93218831,0.032145827,30.597918,34.90794627,0.035649726,35.504932,32.12676996,0.020981014,32.73997726,0.029791898,0.859629651,0.293006616,0.979784404,32.15264919,32.8341981,3.114448713,-0.726482529
b1c21,558,0.014916512,2.51E-06,0.015234377,1.081067885,6.84E-06,1.085077,1.082014156,6.78E-06,1.0859262,8.989637289,0.003994967,9.080738333,30.21641952,0.033284557,30.855131,36.90690685,0.122230521,37.595367,33.10898386,0.021086739,33.64441783,0.018110095,0.867107846,0.294931539,0.99160072,33.13618963,33.94640643,3.114688973,-0.736926933
b1c23,1013,0.016821211,7.94E-09,0.016928671,1.082418582,2.77E-07,1.0836555,1.082545715,2.65E-07,1.0837864,11.45936648,0.001595424,11.51405333,29.80872818,0.105230171,31.319263,34.8962308,0.107183385,36.165897,32.00034415,0.096172545,33.45195737,0.06019316,0.855036249,0.283320304,0.74681524,31.99162781,32.91827814,3.125836889,-0.73960336
b1c24,1016,0.016586062,4.64E-09,0.016691737,1.078060835,1.30E-07,1.0789105,1.078171207,2.41E-07,1.079075,12.12666066,0.001591868,12.18219667,30.49592586,0.034243514,31.356113,36.88879487,0.053115221,37.596226,33.38484422,0.024849837,34.18359224,0.054357883,0.855501442,0.279314857,0.748082819,33.37868334,34.41378292,3.130135458,-0.736303105
b1c25,853,0.016593987,4.31E-09,0.016697517,1.07843414,2.13E-07,1.0793456,1.079000068,2.17E-07,1.0799131,12.13652581,0.001753649,12.18035,30.57703304,0.034865381,31.422405,38.01471574,0.062683845,38.670872,33.85350599,0.026861344,34.68948736,0.048191837,0.856185241,0.282101894,0.752054138,33.84953491,35.28904205,3.128166375,-0.737655272
b1c26,869,0.016284702,4.29E-09,0.016389275,1.090620656,8.47E-07,1.0916398,1.090641105,6.66E-07,1.0915462,10.80199225,0.001793815,10.89749333,30.38156192,0.030512085,31.177139,36.44823171,0.074286629,37.077717,33.1633082,0.024254319,33.91036599,0.05927307,0.866810133,0.290005871,0.75585566,33.15669147,34.06073371,3.122707751,-0.747702397
b1c27,841,0.01609961,4.69E-09,0.016209068,1.082150637,4.24E-07,1.0829498,1.082123319,4.42E-07,1.0829995,10.80358174,0.001754927,10.84736167,30.72637673,0.031124685,31.524157,37.54564181,0.072561753,38.178074,33.90301765,0.024900662,34.58802775,0.061044282,0.861919833,0.287561133,0.750912887,33.89516572,34.90253218,3.123902453,-0.740549984
b1c28,859,0.016681185,6.46E-09,0.016806481,1.079919429,2.67E-07,1.0807645,1.080765535,2.21E-07,1.0815945,11.14009718,0.001748393,11.18017667,30.62929326,0.038417615,31.598858,37.52887231,0.102280075,38.303513,33.78331785,0.035973505,34.68290953,0.064439169,0.862213369,0.285275489,0.748150572,33.77467052,34.86314253,3.124882476,-0.738277572
b1c29,916,0.016546099,6.24E-09,0.016658336,1.082663564,2.70E-07,1.0836452,1.082886864,2.26E-07,1.0838029,11.15035659,0.00176377,11.18114833,30.43315855,0.040725774,31.411295,35.42792587,0.065537771,36.258759,32.71295908,0.041883854,33.66994254,0.065502502,0.863302121,0.283897341,0.749985815,32.70510132,33.47238612,3.125854414,-0.738579586
b1c30,708,0.0160106,4.81E-09,0.016130757,1.082648366,7.13E-07,1.0835379,1.082888005,5.93E-07,1.0838182,10.12421601,0.001554378,10.18098333,30.64989558,0.031122474,31.494495,36.83326198,0.075564244,37.483994,33.54892422,0.029505933,34.31385072,0.053862502,0.86685235,0.291559283,0.752486498,33.54053039,34.37702801,3.11986605,-0.736994441
b1c31,875,0.016864891,3.67E-09,0.016962912,1.096784195,9.89E-07,1.0981189,1.097077775,9.43E-07,1.0983334,10.12685628,0.001621598,10.18021333,30.00647898,0.048398745,31.013018,30.71870225,0.044770121,31.658901,30.37907774,0.039307529,31.32831642,0.063901174,0.872424825,0.290063187,0.760542059,30.3747204,30.39741116,3.125029578,-0.748771354
b1c32,730,0.016168406,6.17E-09,0.016290806,1.080343731,4.90E-07,1.0813081,1.080737662,3.99E-07,1.0816567,10.13102703,0.001708694,10.180015,30.37950887,0.057896063,31.522469,36.25388537,0.068467276,37.14436,33.089318,0.051012593,34.16577198,0.061193562,0.867846811,0.290209159,0.746468393,33.08090321,33.9129899,3.119945502,-0.735437844
b1c33,756,0.016481873,4.95E-09,0.016574621,1.095071582,9.42E-07,1.0963454,1.095538902,8.24E-07,1.0968262,10.13019762,0.001692608,10.18046833,30.36851876,0.082569043,31.707602,37.77036163,0.145244042,38.728722,33.68685615,0.07004121,34.90289118,0.070101042,0.875165406,0.291062423,0.754946668,33.67233436,34.80854053,3.122076207,-0.744976358
b1c34,741,0.016852178,6.31E-09,0.016954124,1.080181745,2.09E-07,1.0813539,1.080205811,2.72E-07,1.0814824,11.03302474,0.001663152,11.08467667,29.99244922,0.080009326,31.331259,36.12302686,0.11612794,37.240925,32.67776155,0.071184253,33.94779903,0.14266288,0.857777244,0.28167265,0.736104083,32.66522437,33.62105063,3.129177093,-0.731327024
b1c35,702,0.016966658,9.17E-09,0.017091474,1.074584014,1.97E-07,1.0757775,1.074644063,2.09E-07,1.0758256,11.03496421,0.001697924,11.08488667,29.81691368,0.091696905,31.275234,34.91010046,0.112865171,36.075569,32.10924118,0.080344562,33.46433496,0.139314025,0.853867233,0.284216072,0.740863372,32.09824891,32.88458873,3.125741784,-0.730744173
b1c36,703,0.016440868,7.74E-09,0.016568841,1.081149012,3.30E-07,1.0820798,1.081370278,3.25E-07,1.0823593,11.55654005,0.001654094,11.60819833,30.27587756,0.046027223,31.261051,34.00080305,0.065035711,34.868446,32.0563759,0.039678871,33.00072076,0.126711772,0.862335014,0.28405864,0.747442038,32.04713183,32.43816626,3.12762186,-0.736398688
b1c37,647,0.016547135,7.28E-09,0.016675115,1.07799386,4.47E-07,1.0791014,1.078120378,4.30E-07,1.0792918,11.56105701,0.001729895,11.61139333,30.24568498,0.05663141,31.339832,36.09006063,0.101912462,36.993626,32.97058051,0.050746079,34.02324405,0.127208399,0.860495391,0.284035739,0.745805188,32.95963094,33.73225875,3.127462645,-0.735953563
b1c38,616,0.016215573,7.14E-09,0.016367279,1.075961259,3.69E-07,1.0766544,1.075888166,2.82E-07,1.0765978,10.23222603,0.001773035,10.29222167,30.44139843,0.022341367,31.17009,37.35178608,0.154214354,37.995705,33.70838532,0.026646081,34.39844221,0.142681175,0.863285109,0.288241288,0.737262866,33.69580879,34.5498182,3.121503349,-0.756058036
b1c39,624,0.016694395,8.20E-09,0.01683517,1.085778202,2.31E-07,1.0864605,1.085784402,2.13E-07,1.0864667,10.24095256,0.001697436,10.27570833,30.33658289,0.021282946,31.06222,37.45464274,0.143968606,38.024876,33.51837721,0.025118346,34.22253942,0.136394261,0.868988643,0.289567074,0.748407788,33.50777536,34.67042911,3.125379044,-0.768018609
b1c40,965,0.016680402,5.64E-09,0.016823037,1.087203565,3.46E-07,1.0879861,1.087035116,3.23E-07,1.0878062,12.0882702,0.001698314,12.13842333,30.26912608,0.029389682,31.069859,37.79523442,0.065530872,38.388569,33.46699415,0.020659804,34.14739648,0.204030056,0.851428136,0.282351742,0.752204885,33.45966482,34.92498875,3.132663186,-0.772165013
b1c41,1050,0.016744488,4.44E-09,0.016868001,1.083068523,1.52E-07,1.0838759,1.083014552,1.46E-07,1.0838689,12.091807,0.001736815,12.13867,30.23430705,0.035299413,31.119465,36.85310638,0.05011411,37.576675,33.07975774,0.02460024,33.84132145,0.215362887,0.848354775,0.279792747,0.748655524,33.07365152,34.31424661,3.133995077,-0.765774625
b1c42,701,0.01671875,8.83E-09,0.016901791,1.084076931,1.11E-07,1.0849142,1.084021751,1.06E-07,1.084832,11.17802357,0.001757455,11.22593167,30.34802504,0.039759366,31.282066,37.72481588,0.145104737,38.397423,33.59841782,0.037007801,34.46317241,0.220635411,0.85903587,0.284333093,0.746283013,33.58543302,34.8520224,3.130591254,-0.765737488
b1c43,650,0.016110037,7.81E-09,0.016246699,1.070401144,8.17E-07,1.0716017,1.070536933,7.74E-07,1.071671,11.17861359,0.001759856,11.221605,30.2513779,0.048871832,31.325819,36.85097165,0.109077924,37.725166,33.34349275,0.043671189,34.31176358,0.214180548,0.851467123,0.282646004,0.736417639,33.33987153,34.25763295,3.127936781,-0.756727597
b1c44,615,0.017418254,1.17E-08,0.017589169,1.086786025,1.35E-06,1.0884221,1.086823201,1.29E-06,1.0883306,10.25764359,0.001729369,10.30488333,29.95676055,0.05808266,31.112934,35.83955709,0.165085841,36.804283,32.56778257,0.056638047,33.64220271,0.229255308,0.867508056,0.286931587,0.742513567,32.55402584,33.39341338,3.1291278,-0.763523221
b1c45,598,0.016679851,1.17E-08,0.016865226,1.086984582,4.97E-07,1.0881088,1.087237354,4.60E-07,1.0884383,10.25861782,0.001740694,10.30547,29.918866,0.078551703,31.221415,36.75081395,0.193878033,37.855122,33.01980626,0.071631592,34.13878991,0.221943401,0.868659806,0.285349109,0.741436793,33.00186433,33.90513382,3.13142528,-0.765157394
b2c0,326,0.016882046,7.22E-08,0.017640008,1.059650741,0.000102411,1.0730203,1.059725512,0.000111055,1.0733572,10.38592885,0.013014485,10.66856333,28.12587865,0.579628114,29.641514,32.2267994,0.328241905,33.972218,30.0734646,0.259307843,30.91745728,0.303623348,0.858556918,0.295539546,0.712721024,30.05678858,30.52565026,3.126930288,-0.711889284
b2c1,170,0.016812448,9.92E-08,0.017789628,1.025777785,0.000888699,1.0689027,1.024967055,0.000911529,1.0690311,10.76146104,0.063131655,11.36527333,29.14694218,0.379638326,30.363934,36.81945567,0.445703532,38.543324,32.44794625,0.253823099,33.46169042,0.501128928,0.826399545,0.267676536,0.680527588,32.42132472,33.63718166,3.163844823,-0.697651894
b2c2,464,0.017533438,1.86E-08,0.017813521,1.07745282,1.01E-06,1.079239,1.07818064,1.03E-06,1.0799674,10.06856496,0.001771973,10.11675833,29.86342269,0.202963308,30.8482,37.47006489,0.40984764,39.198795,32.76878469,0.122375506,33.44799417,-0.135760477,0.879193246,0.330796471,0.742065345,32.75089638,34.55699729,3.086247401,-0.73101718
b2c3,361,0.016151234,2.65E-08,0.016546505,1.05959464,4.26E-05,1.0678682,1.06028402,4.41E-05,1.0686709,10.13749125,0.003790481,10.274335,30.06304232,0.129391758,30.897985,38.57498667,0.245773822,39.808941,33.68471196,0.174995026,34.97285018,1.512276018,0.756948101,0.228758788,0.715899221,33.74990418,34.9300989,3.217223455,-0.711829143
b2c4,471,0.016147348,7.43E-09,0.016485961,1.070961542,1.02E-05,1.0749247,1.071643126,1.04E-05,1.0756472,10.14572462,0.00195971,10.21369667,30.21448115,0.034911625,30.668844,37.10913695,0.166485351,38.022896,32.91248221,0.031275499,33.28742623,0.015493565,0.876665324,0.321506562,0.738286743,32.90606713,34.32117437,3.105303347,-0.729507648
b2c5,507,0.016839266,2.25E-09,0.016981496,1.07163294,3.22E-07,1.0724972,1.072134824,3.30E-07,1.0730206,10.13191222,0.001719529,10.17989,29.74678701,0.042524717,30.226313,35.77733791,0.133433162,36.829567,32.05400129,0.020002816,32.43012413,-0.101510373,0.875928119,0.328919172,0.737043904,32.05437122,33.39859698,3.086972039,-0.733406512
b2c6,545,0.015816963,1.26E-08,0.016245974,1.063671051,3.84E-05,1.0719169,1.064149885,3.93E-05,1.0725312,10.21998289,0.002604785,10.32327833,29.66926034,0.032827073,30.396933,37.36811155,0.127950105,38.299351,32.75965528,0.079067103,33.50212553,1.17678325,0.789684846,0.24567674,0.729358446,32.78730362,32.03086557,3.200033985,-0.723665338
b2c10,596,0.017737518,6.17E-09,0.017957224,1.070793189,4.26E-06,1.0731812,1.071512957,4.43E-06,1.0739418,10.10894973,0.001776408,10.155705,30.13989778,0.03218716,30.641859,38.7656154,0.113391192,39.457458,33.43966036,0.064341095,33.88579095,-0.088668927,0.874086188,0.322979039,0.734133082,33.40847299,34.4781686,3.096916065,-0.723999319
b2c11,505,0.017172144,5.92E-09,0.017369324,1.073202214,2.31E-06,1.0748376,1.074224707,2.45E-06,1.0759286,10.13824582,0.001644658,10.19215167,30.53232359,0.037181443,30.974449,37.27964388,0.138325863,38.132206,33.218897,0.023591141,33.56177083,-0.109709169,0.877273401,0.326652214,0.738768419,33.21108927,34.55495551,3.093915512,-0.73148408
b2c12,491,0.016296647,1.05E-08,0.016656373,1.068521797,1.87E-05,1.0741332,1.068577742,1.92E-05,1.0742466,10.16624696,0.002163878,10.24227,30.39455723,0.040556231,30.912863,38.48611036,0.165476527,39.435226,33.61431144,0.030991682,34.00313088,0.077003296,0.871685898,0.311352754,0.731124595,33.60396616,35.24967307,3.113202675,-0.72784511
b2c13,520,0.016569991,2.25E-09,0.016747566,1.07852033,1.27E-05,1.0831196,1.078672624,1.30E-05,1.0832168,10.27328121,0.003046868,10.37463167,30.32779581,0.020062708,30.742186,37.77403385,0.204283515,39.087688,33.37715315,0.025619976,33.75721244,0.298500161,0.874203496,0.305750979,0.740467817,33.36961742,34.75521512,3.13052367,-0.729521039
b2c14,509,0.017001919,1.46E-09,0.017080614,1.082052869,3.01E-07,1.0827264,1.082206252,3.30E-07,1.0828831,10.14312989,0.001740801,10.18128667,30.22635579,0.019625661,30.682474,37.34440629,0.170712464,38.206268,32.87662058,0.012627985,33.14643826,-0.092592309,0.881649526,0.330495742,0.745200748,32.87128575,34.4873003,3.090100349,-0.732429917
b2c17,525,0.017356164,4.16E-08,0.017840263,1.074630016,1.28E-06,1.076339,1.074994634,1.24E-06,1.0767114,10.1476791,0.002210534,10.23766,29.58118719,0.406560616,30.736898,34.34382576,0.34153244,35.806377,31.44551624,0.196867711,32.20834115,-0.073289364,0.8781577,0.32794148,0.735985021,31.43456855,32.39029388,3.092686069,-0.732137449
b2c18,523,0.017076027,3.22E-08,0.017631648,1.064058102,6.63E-06,1.0677239,1.06398221,6.81E-06,1.0676094,10.19921951,0.002449341,10.30072667,30.05031046,0.255400827,31.095139,37.35492433,0.318813783,38.70813,32.97895992,0.145612573,33.67751,0.17863239,0.871981093,0.311106208,0.726925102,32.96381905,34.55455979,3.115878667,-0.72267483
b2c19,489,0.016734207,2.39E-08,0.017258193,1.041575611,2.44E-05,1.0492159,1.041572291,2.45E-05,1.049107,10.40768956,0.004774622,10.557725,30.20182122,0.188591504,31.167938,35.3975269,0.382063939,37.402428,32.45052247,0.061590185,33.0566379,0.479390929,0.850447882,0.286304227,0.705931355,32.44617447,33.24486839,3.141443679,-0.70627296
b2c20,531,0.017401661,1.19E-08,0.017713943,1.087880559,6.76E-07,1.0892452,1.088135236,6.97E-07,1.0894939,10.14021212,0.001754229,10.18191667,30.26557708,0.101441278,30.840954,36.78156327,0.343326106,38.40601,32.65474662,0.03835012,33.07526183,-0.080727099,0.884242252,0.331291085,0.750524892,32.65498905,34.29303316,3.091527677,-0.736100657
b2c21,520,0.017396281,8.73E-09,0.017614419,1.079686662,2.71E-06,1.0817598,1.079931096,2.75E-06,1.0820169,10.14471388,0.001715943,10.18885333,30.13912979,0.098601903,30.710941,36.2855117,0.253760665,37.163727,32.33911068,0.058926379,32.82563004,-0.062929612,0.881575989,0.328415016,0.737385112,32.35660921,33.89192679,3.092804595,-0.730009051
b2c22,540,0.017004492,1.70E-09,0.017101163,1.084252645,5.45E-07,1.0852454,1.084357646,5.63E-07,1.0853698,10.15456599,0.00171356,10.20702667,29.94872631,0.043313601,30.338539,35.2318656,0.09980096,36.146839,31.92754559,0.01328171,32.20244154,-0.057483574,0.88420413,0.330630626,0.74517244,31.93306095,33.08966426,3.090713145,-0.7342975
b2c23,562,0.017109348,1.03E-08,0.017433021,1.075100523,4.23E-06,1.0778137,1.075382119,4.27E-06,1.0780809,10.3173219,0.002485415,10.39824167,29.96738318,0.05299428,30.54693,35.92593877,0.143539553,36.934685,32.25806256,0.021433057,32.59533966,0.333938715,0.875494226,0.30323188,0.734276285,32.25587408,33.55655503,3.128337322,-0.731665501
b2c24,524,0.017094617,2.07E-08,0.017624207,1.071999189,3.40E-07,1.0731572,1.072246849,3.49E-07,1.0734261,10.04904692,0.001801935,10.09325333,28.42937943,0.527901357,29.650187,32.03146864,1.902939971,36.811321,30.07412245,0.056017548,30.5122497,-0.08013657,0.881928418,0.331016672,0.741058454,30.07887109,30.18081404,3.088232025,-0.732336643
b2c25,487,0.017157061,5.97E-09,0.01737519,1.070402509,1.58E-06,1.0719229,1.070614414,1.64E-06,1.0721645,10.05397976,0.001813734,10.10308833,28.69468567,0.113461432,29.257845,30.9877131,1.313467123,33.248566,29.71705295,0.265744415,30.72149122,-0.069048058,0.880617161,0.329248186,0.727678612,29.80457182,30.2333892,3.08640382,-0.72452898
b2c26,498,0.017543446,1.30E-08,0.017830692,1.080648093,2.28E-06,1.0823925,1.080743721,2.33E-06,1.0825263,10.04173509,0.001722205,10.09517833,29.69991238,0.081772877,30.202656,35.37357703,0.170548028,36.585075,31.66606656,0.036962943,32.09855698,-0.078275148,0.888693042,0.331266066,0.73585038,31.66204469,33.06830978,3.090257363,-0.735212085
b2c27,495,0.017324073,6.09E-09,0.017503519,1.07057643,3.63E-07,1.0715488,1.070805429,4.08E-07,1.071787,10.12764965,0.00161803,10.18099667,29.9051991,0.068014777,30.353527,35.78729899,0.156971031,36.62397,32.0100893,0.029164056,32.36129269,-0.053243827,0.878157055,0.328111533,0.734163416,32.00649153,33.50896442,3.09018369,-0.727854924
b2c28,541,0.017050706,9.76E-09,0.017277684,1.075924877,4.07E-06,1.0777947,1.076906151,9.02E-07,1.0778632,10.15122962,0.002337803,10.297575,30.29443827,0.143368286,30.966675,37.43970129,0.237687856,38.591679,33.08238611,0.082694081,33.60168555,-0.05637102,0.884080716,0.326200534,0.741651062,33.06517233,34.57101717,3.096907027,-0.730906022
b2c29,522,0.017032334,9.55E-09,0.017222976,1.078054509,5.12E-07,1.0788641,1.078559431,5.18E-07,1.0793418,10.14010996,0.001756918,10.18172333,30.61769792,0.072418971,31.296963,38.01529487,0.216770174,39.010788,33.50316016,0.047424689,33.91036883,-0.05974346,0.887907338,0.330876312,0.745982089,33.4916108,35.15946658,3.095980222,-0.732160489
b2c30,507,0.017481583,1.36E-09,0.017569983,1.072198449,2.94E-07,1.072938,1.072376119,3.28E-07,1.0731578,10.14140207,0.001749655,10.18129667,29.99197105,0.019454456,30.49,36.55818478,0.068087258,37.101799,32.40544759,0.007503643,32.60690406,-0.041458858,0.878612937,0.329254711,0.736600037,32.40834769,33.98842739,3.093379018,-0.730792001
b2c31,519,0.017552133,3.15E-09,0.017670348,1.079305388,1.95E-07,1.0799562,1.079466211,2.09E-07,1.0801251,10.1417165,0.001752891,10.18507167,29.86871889,0.035598392,30.321196,34.89597408,0.087406893,35.575104,31.79483095,0.01439646,32.03066983,-0.04055208,0.883205845,0.325717057,0.743030065,31.78824811,32.85340241,3.098093191,-0.736553291
b2c32,544,0.017535321,1.55E-08,0.01781051,1.080274199,2.54E-07,1.0810205,1.079913309,4.88E-07,1.0809267,10.13819511,0.001754657,10.181775,30.31377831,0.164595881,31.079588,37.93431218,0.261918241,39.249191,33.2669725,0.087768464,33.81115002,-0.03009036,0.884358697,0.325785605,0.74248007,33.25210314,34.89425296,3.096018267,-0.738557679
b2c33,546,0.017631569,1.25E-08,0.0178621,1.08481552,2.51E-07,1.0856464,1.08483756,1.89E-07,1.085596,10.1307774,0.001705822,10.17993833,30.62084448,0.101627966,31.545507,36.47988269,0.222401607,37.553761,32.98757709,0.060278679,33.43659325,-0.048579501,0.892852065,0.331805053,0.747912961,32.9768587,34.15664953,3.092731209,-0.742202615
b2c34,526,0.017573689,6.05E-09,0.017742416,1.074941644,2.26E-07,1.0755186,1.074943298,3.06E-07,1.0757035,10.1571504,0.001442884,10.18488833,30.58637824,0.053545104,31.136055,37.90137973,0.153977214,38.83897,33.44332019,0.036040825,33.86202819,-0.04817418,0.885160619,0.322821831,0.737621534,33.43278388,34.97272625,3.100226774,-0.728820858
b2c35,486,0.017086021,2.13E-09,0.017195296,1.07323758,6.64E-07,1.0742372,1.073540416,4.98E-07,1.0744882,10.12916471,0.00166125,10.18124333,30.54726211,0.042569972,31.080614,38.8923549,0.17934957,40.031326,33.64005572,0.027947884,34.01799367,-0.055156983,0.887553299,0.329761864,0.731186516,33.63666928,35.41954992,3.09255042,-0.725806046
b2c36,560,0.020192575,6.43E-09,0.020340689,1.085154691,3.09E-07,1.0858308,1.085500196,2.40E-07,1.0860698,10.13960839,0.002072042,10.18142833,30.3290263,0.036346402,30.760002,38.1741003,0.173938378,39.087948,33.42098676,0.025772891,33.79710749,-0.020348199,0.889190269,0.330568436,0.74199041,33.41753589,35.10466809,3.097881011,-0.74057355
b2c37,502,0.018155455,9.78E-09,0.018359095,1.080662648,5.73E-07,1.0814271,1.08099669,5.41E-07,1.081674,10.13739137,0.001752091,10.18218833,29.77873398,0.024058543,30.13476,35.52176151,0.134592954,36.40403,31.95036162,0.011920724,32.24225233,-0.032183883,0.890970607,0.330588163,0.739548139,31.94810724,33.12664188,3.098654851,-0.730820251
b2c38,487,0.017745758,6.28E-09,0.017873663,1.074894827,2.15E-07,1.0754108,1.075181663,1.67E-07,1.0757483,10.12871412,0.001622651,10.18237833,29.72997513,0.02421694,30.075211,36.44813686,0.176315048,37.465702,32.18116645,0.01532943,32.50853753,-0.009612599,0.8855342,0.325355165,0.731232884,32.17676495,33.69182344,3.09609322,-0.724893833
b2c39,480,0.018066951,1.25E-08,0.01825963,1.085875354,4.26E-07,1.0866245,1.086260848,3.77E-07,1.0868819,10.13015148,0.001725136,10.17847,29.73547566,0.020797305,30.138006,36.12181291,0.152762002,36.903049,32.1376022,0.014932462,32.4093651,-0.01476667,0.895469347,0.330164312,0.739801703,32.13240068,33.51619152,3.095578687,-0.731006908
b2c40,530,0.017181153,1.36E-08,0.017464252,1.08189382,1.38E-06,1.0834633,1.081373255,2.71E-06,1.0831202,10.13527403,0.001787391,10.21500667,30.40325596,0.188679733,31.317371,38.25248499,0.341919548,39.397137,33.36213688,0.097297113,33.90275051,0.032387691,0.876364958,0.326884378,0.742408223,33.34660339,35.16442921,3.095739105,-0.790114815
b2c41,452,0.017784684,1.50E-08,0.018032856,1.074832905,3.14E-07,1.0758535,1.0750162,3.29E-07,1.0761088,10.14399912,0.001698329,10.17860833,30.27682629,0.15452129,31.056229,37.5211053,0.289049024,38.922901,33.16125869,0.11602162,33.90880425,1.037686485,0.78670259,0.263404024,0.736936587,33.15535231,34.61621563,3.172838702,-0.762612122
b2c42,492,0.017217486,7.92E-09,0.017426116,1.083393201,2.13E-07,1.0842109,1.083332266,2.15E-07,1.0841106,10.13665218,0.001752072,10.18562333,30.36000462,0.072008267,31.028824,38.07874486,0.289385126,39.339207,33.1537336,0.032921845,33.53232714,0.252211494,0.857534344,0.315648835,0.743861548,33.14251303,34.94083113,3.110918821,-0.766851225
b2c43,487,0.018132235,8.70E-09,0.018293388,1.079735419,2.46E-07,1.0804996,1.079874746,2.48E-07,1.08064,10.13176877,0.001721979,10.17999833,30.26765811,0.062801041,30.871889,37.83846111,0.264226022,38.905258,33.02282489,0.031497356,33.43193368,0.339399004,0.850330015,0.309878984,0.734635759,33.01675823,34.78626715,3.117604671,-0.757038208
b2c44,479,0.017685348,1.53E-08,0.018015467,1.076503662,2.47E-07,1.0771308,1.076616115,2.50E-07,1.0772526,10.1318507,0.001710935,10.18104,30.27482198,0.046996895,30.943897,37.8904266,0.239544988,39.444595,33.03692653,0.03068854,33.44118264,0.511723076,0.831753694,0.299692022,0.734390556,33.03397558,34.79974846,3.125965324,-0.759758043
b2c45,514,0.016991459,3.21E-09,0.017132074,1.074557053,4.82E-07,1.0755492,1.074655781,4.89E-07,1.0756582,10.13934855,0.001754985,10.18117667,29.97215296,0.052673431,30.554789,37.13023046,0.109567423,37.933308,32.61562033,0.022038376,33.02199273,0.043065287,0.87159502,0.323563449,0.739042921,32.61761991,34.25555617,3.096532679,-0.752900607
b2c46,449,0.017811809,2.05E-08,0.018118324,1.079219202,3.21E-07,1.0798172,1.079440397,3.22E-07,1.079998,10.13158487,0.001707542,10.180705,29.72214327,0.028173862,30.105095,36.80116281,0.204446958,37.894932,32.31818041,0.020867074,32.67506799,0.639214241,0.829205295,0.294009217,0.736397723,32.31761011,33.83881646,3.140072616,-0.760687842
b2c47,745,0.017179393,5.02E-09,0.017414257,1.04879677,9.21E-07,1.0499543,1.049160812,9.26E-07,1.0502502,10.1307485,0.001708247,10.17994,29.61730652,0.017568938,30.015146,36.47433788,0.038605868,36.923679,32.40921699,0.018189043,32.79571408,1.156473537,0.770764984,0.248584935,0.705755641,32.41494784,33.56345462,3.188129485,-0.737707868
b3c0,1008,0.015228889,5.88E-10,0.015276212,1.070166986,2.31E-07,1.0709863,1.070498301,2.39E-07,1.0713712,10.04250687,1.46E-06,10.05022,30.86365398,0.015447317,31.20658936,33.58057561,0.023980991,33.974361,32.20608791,0.01413643,32.52985678,-0.05863576,0.844592793,0.296331508,0.745400617,32.19453522,32.49006182,3.11793402,-0.739223533
b3c1,1062,0.014977933,9.66E-10,0.015059211,1.067389688,4.18E-07,1.0683081,1.06777459,4.15E-07,1.0687399,10.04138601,5.98E-07,10.04393167,31.59186344,0.018240597,31.908182,38.01941639,0.061518741,38.707848,34.8506937,0.021441575,35.1980573,-0.039452713,0.84228356,0.297288711,0.748080581,34.83225906,35.55929686,3.117794634,-0.738035604
b3c3,1114,0.015002788,8.47E-10,0.01506798,1.064064059,3.31E-07,1.0649304,1.064697563,3.31E-07,1.0655342,10.04150005,1.09E-06,10.04883333,32.18163254,0.020284805,32.49283614,39.4274103,0.060849347,40.0724446,36.07799717,0.021383783,36.41423859,0.000194629,0.834301257,0.297214859,0.749854118,36.08372652,36.78460007,3.116281842,-0.73919524
b3c4,1047,0.01512417,6.78E-10,0.015181443,1.074222412,1.50E-07,1.0749348,1.074605316,1.60E-07,1.075265,10.0456433,1.05E-06,10.04698333,31.18530179,0.016809633,31.48543078,32.98625101,0.018043425,33.39357831,32.12557597,0.014415298,32.45180501,-0.006152282,0.844113079,0.299176139,0.755397819,32.11635225,32.23586468,3.119196328,-0.739475231
b3c5,827,0.015171882,6.77E-10,0.01522101,1.052690636,4.01E-07,1.0535078,1.053178769,4.02E-07,1.0540558,10.04201068,4.77E-07,10.04369333,32.28426587,0.066358476,32.812687,39.72348331,0.071842807,40.19554383,35.59140516,0.153936865,36.48104245,-0.007617667,0.831157805,0.298156373,0.730428202,35.56737499,35.78413889,3.110395496,-0.727581886
b3c6,666,0.013746279,4.31E-09,0.013858472,1.052654,2.91E-05,1.0623062,1.052956985,2.88E-05,1.0624539,10.08254473,0.000290042,10.11938667,31.43104686,0.02416078,31.777714,37.01743091,0.061749715,37.461433,34.11581762,0.044948728,34.69261246,0.021351365,0.811903768,0.28520629,0.734522189,34.10659412,34.29422598,3.117340019,-0.726272675
b3c7,1835,0.015424255,9.10E-10,0.015500138,1.070142427,3.50E-07,1.0708741,1.07028133,2.42E-07,1.070919,11.04078022,3.57E-05,11.056545,31.25937942,0.015736303,31.6243748,34.28913969,0.016374542,34.60008198,32.80887948,0.013492776,33.15155089,-0.133977065,0.842152713,0.298308154,0.75078767,32.79621391,33.23329235,3.111056074,-0.741047203
b3c8,827,0.015244695,4.63E-10,0.015292005,1.068174236,2.18E-07,1.0687246,1.068132146,2.13E-07,1.0687144,10.04318544,7.39E-07,10.04565667,31.27462994,0.017194062,31.88180655,35.09773747,0.0368825,35.54589716,33.0685492,0.015399413,33.40101791,-0.059484445,0.847412743,0.30169011,0.741950709,33.05574783,33.60253549,3.108232913,-0.732985267
b3c9,1038,0.01579497,1.28E-09,0.015874801,1.072753267,8.01E-08,1.0731655,1.072990863,8.11E-08,1.0733707,10.0411117,9.05E-06,10.04333833,31.31408936,0.018199028,31.89802381,35.11582768,0.036161464,35.68543912,33.09866042,0.01385639,33.51808813,-0.041705771,0.855062997,0.301635333,0.746248744,33.08733458,33.62446591,3.114756046,-0.738176341
b3c10,1077,0.015365414,5.68E-10,0.0154163,1.064212504,2.47E-07,1.0647596,1.064474929,2.33E-07,1.0650008,11.03896348,1.97E-05,11.07091,30.70199052,0.017606087,31.09201005,34.80497188,0.022852304,35.20887742,32.54399223,0.013061872,32.84450815,-0.137753304,0.836679726,0.300072424,0.739910546,32.53388661,33.24899395,3.104153135,-0.730686989
b3c11,816,0.015521386,4.25E-10,0.015558524,1.069714779,5.12E-07,1.0705811,1.069871616,5.18E-07,1.0707607,10.04247405,1.34E-06,10.04858167,31.37971658,0.01951342,32.05960605,37.64461636,0.08667923,38.22832464,34.21806493,0.019024394,34.68794069,-0.013595957,0.847324103,0.303438355,0.742582765,34.2039105,35.21791251,3.111478426,-0.737077913
b3c12,931,0.016044263,1.01E-09,0.016106231,1.076199277,1.66E-07,1.0767494,1.076408947,1.65E-07,1.076943,10.0424646,5.05E-07,10.04387,31.23959468,0.018301767,31.674147,35.57434893,0.048526484,36.1158558,33.23519249,0.015877575,33.58215739,-0.006500555,0.854214264,0.302366998,0.745845007,33.22062854,33.82921218,3.114268245,-0.737292514
b3c13,815,0.015122703,1.20E-09,0.015226681,1.068751726,4.86E-07,1.0706925,1.06882042,4.75E-07,1.0696447,10.04234892,9.74E-07,10.04445,31.33830567,0.017664518,31.6425942,37.25762184,0.068654632,37.80334002,34.13094175,0.023985835,34.49678395,0.003290782,0.841887997,0.299989314,0.74190127,34.11846734,34.94110321,3.110970075,-0.734040331
b3c14,857,0.015546697,7.62E-10,0.015602106,1.07668967,1.57E-07,1.0772499,1.077195581,1.48E-07,1.0777442,10.04189242,6.86E-07,10.04356833,31.08363275,0.016301729,31.409456,35.51498903,0.04672894,36.10149946,33.13147974,0.01464349,33.46374258,-0.004812947,0.855358272,0.302944089,0.749326661,33.11929348,33.78115962,3.113829812,-0.74106054
b3c15,875,0.015300798,5.24E-10,0.015345564,1.070638911,3.01E-07,1.0712733,1.070612704,3.43E-07,1.0712774,10.04169484,6.80E-07,10.04382,30.89234476,0.019210111,31.269295,36.84860843,0.073947397,37.344582,33.52853846,0.020060455,33.88537956,0.023906925,0.845560496,0.302364714,0.74147737,33.50985501,34.4804691,3.111713158,-0.736483975
b3c16,1637,0.015303966,4.76E-10,0.015339985,1.063578148,3.59E-07,1.0643042,1.063594101,3.91E-07,1.0643399,11.04023639,9.72E-06,11.05678333,31.99154066,0.01807449,32.29623135,37.849869,0.031064153,38.21816186,34.95522705,0.018882623,35.28757777,-0.132731125,0.825130771,0.291048065,0.746215273,34.94066588,35.55716645,3.114080889,-0.735059818
b3c17,1314,0.015440882,1.16E-07,0.018645791,1.066184591,1.94E-06,1.0684006,1.066960113,1.96E-06,1.069051,10.04209731,5.86E-06,10.04413,32.47602651,0.066281335,33.05845742,37.43470808,0.064861218,38.138309,35.09586784,0.060113721,35.68559637,-0.037084272,0.836606081,0.300633824,0.753712843,35.07619483,35.48713957,3.111983201,-0.741474593
b3c18,1145,0.015012517,4.79E-10,0.015060746,1.06872414,9.04E-07,1.0700667,1.068835888,9.27E-07,1.0701538,10.04311427,4.63E-07,10.04461667,32.41201271,0.023237513,32.787655,37.99532327,0.059470808,38.518787,35.30985538,0.027092821,35.69724926,-0.001785205,0.834659792,0.298386467,0.752514498,35.2916753,35.76114446,3.115256183,-0.738839894
b3c19,1154,0.015460329,1.60E-09,0.015521758,1.072377131,9.30E-07,1.0737392,1.07267569,8.88E-07,1.0738997,10.04319824,7.79E-07,10.04620833,32.13535381,0.021638479,32.47387885,37.90750565,0.050387416,38.401493,35.1162759,0.023347979,35.48162735,0.002352513,0.841616413,0.293932254,0.751266598,35.09867891,35.57077411,3.122051034,-0.73863421
b3c20,812,0.015258267,1.07E-09,0.015333491,1.067015401,2.13E-07,1.0676279,1.067529689,2.05E-07,1.0681109,10.04340245,2.29E-06,10.053225,30.86654415,0.018488835,31.413151,35.76075001,0.047205173,36.232254,33.11391708,0.016332999,33.50900412,-0.073208468,0.848826031,0.305532636,0.742988848,33.10155201,33.84481258,3.105164972,-0.735890336
b3c21,771,0.014105092,2.59E-09,0.014178332,1.061203697,1.94E-05,1.0684478,1.061421165,1.91E-05,1.0686178,10.08026603,0.000176685,10.113265,32.07524215,0.0302978,32.496986,37.93004164,0.02508845,38.317612,34.92716014,0.044149777,35.39033568,0.081583503,0.815960467,0.279070077,0.741640583,34.90230696,35.15014127,3.128936495,-0.735462059
b3c22,1001,0.015677055,9.83E-10,0.015735455,1.058046456,5.11E-07,1.0590837,1.058193597,4.25E-07,1.0591089,10.04251694,6.85E-06,10.04480333,31.64945617,0.016048149,31.963675,37.5516942,0.034849437,37.97354076,34.63132729,0.030309622,35.04903705,0.028000598,0.835436364,0.290853112,0.734817439,34.6110633,34.97744264,3.119198146,-0.726744787
b3c24,824,0.015544139,6.86E-10,0.015600633,1.050648067,8.19E-08,1.0511409,1.050612744,9.53E-08,1.0511289,10.04181696,6.52E-07,10.04509,32.09840393,0.018046069,32.388145,37.26471308,0.05036406,37.871063,34.70044677,0.017911705,35.03293435,-0.062074024,0.831407902,0.302672387,0.729123555,34.68736851,35.15906582,3.100087036,-0.726473604
b3c25,988,0.015638551,1.01E-09,0.015713645,1.064849405,1.19E-07,1.0653877,1.064983832,1.23E-07,1.0654705,10.04250473,3.93E-06,10.04624167,32.24536148,0.014860676,32.55385898,38.92090922,0.080437677,39.5951108,35.59607205,0.017149011,35.92039785,-0.036571365,0.845008462,0.305862657,0.744516439,35.58282104,36.3406825,3.10459356,-0.731942479
b3c26,1027,0.015589934,8.21E-10,0.015650999,1.075098536,1.20E-07,1.0756066,1.0752355,1.28E-07,1.0758095,10.04228394,6.94E-07,10.04462667,32.34210502,0.02219031,32.67315383,39.16431081,0.067074742,39.786995,35.76291275,0.01897448,36.07889056,-0.010755196,0.846785541,0.305018705,0.757954204,35.74637144,36.57303795,3.112289948,-0.746035061
b3c27,849,0.014913977,8.90E-10,0.014975339,1.063681611,2.58E-07,1.0643082,1.063821674,2.00E-07,1.0644526,10.04501172,4.44E-07,10.046765,32.18328231,0.019134822,32.52049519,38.47864127,0.060493415,38.98098,35.32426642,0.017045372,35.65408524,-0.009438148,0.841251733,0.304289406,0.744313701,35.30862755,35.97465201,3.106095833,-0.733039115
b3c28,540,0.013441283,1.06E-08,0.013605327,1.043835546,2.93E-05,1.0525346,1.043820959,2.93E-05,1.0524576,10.09123311,0.000648141,10.14409667,32.31216614,0.026498066,32.742519,39.56612221,0.016007084,39.85648636,35.72293766,0.04080326,36.18769105,-0.036700438,0.81271582,0.296029196,0.726591955,35.69912497,36.14971326,3.097791564,-0.721660159
b3c29,857,0.01481538,9.70E-10,0.014895254,1.070595758,1.84E-07,1.0711167,1.070682315,1.90E-07,1.0712008,10.04198731,3.42E-06,10.056045,30.85100941,0.019339728,31.231075,31.68109087,0.016292659,31.999889,31.270036,0.014161881,31.56111901,0.024633427,0.845727277,0.301557971,0.744769312,31.26169276,31.30696017,3.113538905,-0.739027299
b3c30,934,0.015566454,9.54E-10,0.015638985,1.071495335,1.42E-07,1.0720278,1.071809635,1.41E-07,1.0723398,10.04341991,3.16E-06,10.04455,30.74835602,0.013263797,31.02437389,33.96309272,0.032425133,34.756858,32.25122417,0.013366524,32.56927534,-0.035660636,0.848892519,0.303755275,0.748934787,32.2424895,32.72982178,3.108448264,-0.737649875
b3c31,730,0.01587269,2.05E-09,0.015964495,1.070864444,3.03E-07,1.071691,1.070885822,3.03E-07,1.0716417,10.04565976,5.41E-06,10.04821667,31.32566557,0.020437744,31.70156532,36.77937666,0.032449892,37.242977,34.011083,0.016766409,34.35475619,0.009943554,0.857212333,0.3039755,0.742929288,33.99977842,34.49937546,3.110187815,-0.732197809
b3c33,1283,0.015333167,5.54E-10,0.015384894,1.062205251,3.31E-07,1.0628856,1.062204854,3.20E-07,1.0629164,10.04327353,3.43E-07,10.04573167,31.69182997,0.018192047,32.01797948,34.29304593,0.018918929,34.695709,33.12068377,0.016378844,33.43266597,-0.060310261,0.832829171,0.292869292,0.744237938,33.10678971,33.2005795,3.120146247,-0.738057421
b3c34,1157,0.015296991,9.59E-10,0.015373172,1.063254944,6.51E-07,1.0643144,1.0632662,6.19E-07,1.0642781,10.04350709,6.16E-06,10.04476333,32.25191118,0.016646205,32.63088919,39.01722723,0.062661629,39.49040963,35.79776714,0.024200608,36.13020766,-0.036584977,0.836590963,0.293094485,0.743206468,35.77975601,36.38900925,3.121806314,-0.732468129
b3c35,1092,0.015369017,6.64E-10,0.015434922,1.064352471,5.24E-07,1.0653293,1.064507057,4.91E-07,1.0654298,10.04362438,1.92E-07,10.04466167,32.25979813,0.026721456,32.644882,38.56381568,0.051072241,39.086731,35.55319918,0.025098198,35.92960788,-0.001527287,0.830771517,0.295843099,0.746189918,35.53352427,36.06243925,3.118558233,-0.739386813
b3c36,922,0.015127845,6.73E-10,0.015179561,1.059280975,7.27E-07,1.0605196,1.059401577,7.25E-07,1.0606048,10.04348989,2.54E-07,10.04474833,32.18943806,0.015513632,32.526413,39.41489282,0.06049795,39.893036,35.89539284,0.021242519,36.24313701,-0.001680859,0.831206167,0.293870332,0.74105443,35.87942033,36.58914948,3.119312264,-0.735723907
b3c38,1934,0.015828745,8.60E-10,0.015879601,1.071884202,1.92E-07,1.072524,1.072026734,1.69E-07,1.0726566,10.04366421,1.13E-06,10.05276833,31.52627232,0.022496781,31.843166,37.76934088,0.058843491,38.268311,34.76766971,0.027178678,35.13555687,-0.056287022,0.840750255,0.292315702,0.746901491,34.74559139,35.29911127,3.122954953,-0.738759011
b3c39,1155,0.015556198,1.19E-09,0.015636776,1.050541755,3.48E-07,1.0513157,1.050722103,3.47E-07,1.0515106,10.04304214,8.94E-06,10.04456167,31.40542751,0.023902124,31.76267553,36.09066647,0.029408903,36.491322,33.89765439,0.018780942,34.23797455,-0.027649176,0.822219246,0.287497508,0.729134391,33.88725809,34.1861173,3.122415366,-0.723520457
b3c40,795,0.01537982,3.21E-09,0.015486349,1.062865696,3.40E-07,1.0635898,1.063136731,3.48E-07,1.0638335,10.04378665,2.23E-06,10.05444667,30.95630972,0.022293868,31.64551379,37.56402713,0.149748942,38.358112,34.08046271,0.060528497,34.63881063,-0.016274316,0.842492851,0.302885532,0.739447253,34.0538695,35.10668365,3.112002824,-0.732452502
b3c41,785,0.018295543,2.11E-08,0.018379398,1.054189758,7.09E-08,1.0545224,1.0545433,6.95E-08,1.0548838,10.04318016,5.99E-07,10.047905,30.83048853,0.015652656,31.15432242,36.65721355,0.058389809,37.245838,33.65485109,0.018004171,33.99743722,-0.007807344,0.832288416,0.302193326,0.7284047,33.63988596,34.46307931,3.107035865,-0.726755734
b3c44,939,0.015566155,9.31E-10,0.015621725,1.073231189,9.47E-08,1.0736365,1.073482593,9.28E-08,1.0739049,10.04322432,3.48E-06,10.04454333,30.64743921,0.020782189,31.011507,36.35874897,0.056513872,36.881859,33.36363416,0.018029414,33.73507087,-0.035527996,0.851430254,0.301714479,0.745834611,33.35112455,34.17466147,3.111347969,-0.736677551
b3c45,1800,0.015612676,8.22E-10,0.01566395,1.071386305,1.82E-07,1.0719951,1.071540015,1.36E-07,1.0721447,11.03864174,1.40E-05,11.05653,30.86556388,0.016355245,31.23377737,34.70007957,0.024275525,35.085537,32.74030947,0.014533626,33.04816789,-0.134336442,0.839169498,0.296449071,0.749534745,32.72444945,33.23834234,3.113258436,-0.742731856
